{
    "MESH": {
        "Cube": {
            "1": {
                "translation": {
                    "x": 1.0,
                    "y": 2.0,
                    "z": 3.0
                },
                "rotation": {
                    "roll": 0.1745329201221466,
                    "pitch": 0.3490658104419708,
                    "yaw": 0.5235987901687622
                },
                "scale": 1.99999996026357
            }
        }
    },
    "CAMERA": {
        "PERSP": {
            "2": {
                "location": {
                    "x": 5.0,
                    "y": 5.0,
                    "z": 7.0
                },
                "direction": {
                    "x": -0.7273760546569512,
                    "y": -0.5422270378963772,
                    "z": -0.4206113580085644
                },
                "focal_length": 42.60273742675781,
                "sensor_width": 36.0,
                "sensor_height": 24.0,
                "film_resolution": {
                    "x": 1920,
                    "y": 1080
                }
            }
        }
    }
}