{
    "MESH": {
        "Cube": {
            "1": {
                "translation": {
                    "x": 1.0,
                    "y": 2.0,
                    "z": 3.0
                },
                "rotation": {
                    "roll": 0.1745329052209854,
                    "pitch": 0.34906575083732605,
                    "yaw": 0.5235987901687622
                },
                "scale": {
                    "x": 0.20000000298023224,
                    "y": 1.5000001192092896,
                    "z": 1.5000001192092896
                }
            }
        },
        "Plane": {
            "3": {
                "corners": [
                    {
                        "x": 2.076308511197567,
                        "y": 3.3425138890743256,
                        "z": 3.9384627640247345
                    },
                    {
                        "x": 2.234408028423786,
                        "y": 4.033526569604874,
                        "z": 4.643803805112839
                    },
                    {
                        "x": 1.923691488802433,
                        "y": 2.6574861109256744,
                        "z": 6.0615372359752655
                    },
                    {
                        "x": 1.7655919715762138,
                        "y": 1.9664734303951263,
                        "z": 5.356196194887161
                    }
                ]
            }
        },
        "Sphere": {
            "4": {
                "location": {
                    "x": 0.5,
                    "y": 3.0,
                    "z": 6.0
                },
                "scale": {
                    "x": 0.5,
                    "y": 0.75,
                    "z": 1.0
                }
            }
        },
        "Cylinder": {
            "5": {
                "translation": {
                    "x": 3.0,
                    "y": 3.0,
                    "z": 6.0
                },
                "rotation": {
                    "roll": 0.0,
                    "pitch": -0.0,
                    "yaw": 0.0
                },
                "scale": {
                    "x": 0.25,
                    "y": 0.5,
                    "z": 0.5
                }
            }
        }
    },
    "CAMERA": {
        "PERSP": {
            "2": {
                "location": {
                    "x": 5.0,
                    "y": 5.0,
                    "z": 7.0
                },
                "direction": {
                    "x": -0.7273759409566026,
                    "y": -0.5422272804216381,
                    "z": -0.42061124198486544
                },
                "focal_length": 42.60273742675781,
                "sensor_width": 36.0,
                "sensor_height": 24.0,
                "film_resolution": {
                    "x": 1920,
                    "y": 1080
                }
            }
        }
    }
}