{
    "MESH": {
        "Cube": {
            "1": {
                "translation": [
                    0.0,
                    0.0,
                    0.0
                ],
                "rotation": [
                    0.0,
                    -0.0,
                    0.0
                ],
                "scale": 1.0
            },
            "2": {
                "translation": [
                    2.0,
                    0.0,
                    0.0
                ],
                "rotation": [
                    0.0,
                    0.5,
                    0.0
                ],
                "scale": 0.5
            },
            "3": {
                "translation": [
                    0.0,
                    2.0,
                    0.0
                ],
                "rotation": [
                    0.30000001192092896,
                    0.6000000238418579,
                    0.0
                ],
                "scale": 1.50000003973643
            }
        }
    }
}