{
  "Camera": {
    "Perspective": [
      {
        "id": 0,
        "location": [
          2.5,
          -2.5,
          1.5
        ],
        "rotationEuler": [
          1.3002469539642334,
          -2.27782592787662e-08,
          0.5880027413368225
        ],
        "focalLengthMM": 50.0,
        "sensorWidthMM": 36.0,
        "sensorHeightMM": 24.0,
        "filmResolution": [
          480,
          270
        ]
      }
    ]
  },
  "Light": {
    "Point": [
      {
        "id": 1,
        "location": [
          0.23332984745502472,
          0.7173683047294617,
          1.9591808319091797
        ],
        "radiantIntensity": 10.0
      },
      {
        "id": 2,
        "location": [
          0.4997284412384033,
          0.24407100677490234,
          1.6745022535324097
        ],
        "radiantIntensity": 10.0
      }
    ]
  },
  "Mesh": {
    "Cube": [],
    "Sphere": [
      {
        "id": 4,
        "translation": [
          0.5,
          0.3333333432674408,
          0.20000000298023224
        ],
        "rotationEuler": [
          0.0,
          -0.0,
          0.0
        ],
        "scale": [
          0.1459140181541443,
          0.053751613944768906,
          0.09125439822673798
        ],
        "material": {
          "baseColor": {
            "type": "RGB",
            "value": [
              0.32317614555358887,
              1.0,
              0.8980562090873718
            ]
          },
          "alpha": 0.5,
          "metallic": 0.10000000149011612,
          "roughness": 0.6000000238418579,
          "ior": 1.5
        }
      },
      {
        "id": 5,
        "translation": [
          0.25,
          0.6666666865348816,
          0.4000000059604645
        ],
        "rotationEuler": [
          0.0,
          -0.0,
          0.0
        ],
        "scale": [
          0.12580329179763794,
          0.05398039519786835,
          0.07982564717531204
        ],
        "material": {
          "baseColor": {
            "type": "RGB",
            "value": [
              0.021166598424315453,
              0.06533820927143097,
              1.0
            ]
          },
          "alpha": 0.8999999761581421,
          "metallic": 0.20000000298023224,
          "roughness": 0.8999999761581421,
          "ior": 1.5
        }
      },
      {
        "id": 6,
        "translation": [
          0.75,
          0.1111111119389534,
          0.6000000238418579
        ],
        "rotationEuler": [
          0.0,
          -0.0,
          0.0
        ],
        "scale": [
          0.10103757679462433,
          0.07332192361354828,
          0.1935819536447525
        ],
        "material": {
          "baseColor": {
            "type": "RGB",
            "value": [
              1.0,
              0.16343210637569427,
              0.6110862493515015
            ]
          },
          "alpha": 0.10000000149011612,
          "metallic": 0.30000001192092896,
          "roughness": 0.0,
          "ior": 1.5
        }
      },
      {
        "id": 7,
        "translation": [
          0.125,
          0.4444444477558136,
          0.800000011920929
        ],
        "rotationEuler": [
          0.0,
          -0.0,
          0.0
        ],
        "scale": [
          0.19596736133098602,
          0.10678015649318695,
          0.13280609250068665
        ],
        "material": {
          "baseColor": {
            "type": "RGB",
            "value": [
              0.0517011359333992,
              0.30604591965675354,
              1.0
            ]
          },
          "alpha": 0.5,
          "metallic": 0.4000000059604645,
          "roughness": 0.30000001192092896,
          "ior": 1.5
        }
      },
      {
        "id": 8,
        "translation": [
          0.625,
          0.7777777910232544,
          0.03999999910593033
        ],
        "rotationEuler": [
          0.0,
          -0.0,
          0.0
        ],
        "scale": [
          0.06196879595518112,
          0.08491863310337067,
          0.06515021622180939
        ],
        "material": {
          "baseColor": {
            "type": "RGB",
            "value": [
              0.6700316667556763,
              0.06769828498363495,
              1.0
            ]
          },
          "alpha": 0.8999999761581421,
          "metallic": 0.5,
          "roughness": 0.6000000238418579,
          "ior": 1.5
        }
      },
      {
        "id": 9,
        "translation": [
          0.375,
          0.2222222238779068,
          0.23999999463558197
        ],
        "rotationEuler": [
          0.0,
          -0.0,
          0.0
        ],
        "scale": [
          0.14136965572834015,
          0.07567079365253448,
          0.15936902165412903
        ],
        "material": {
          "baseColor": {
            "type": "RGB",
            "value": [
              0.7513313293457031,
              1.0,
              0.24953997135162354
            ]
          },
          "alpha": 0.10000000149011612,
          "metallic": 0.6600000262260437,
          "roughness": 0.8999999761581421,
          "ior": 1.5
        }
      },
      {
        "id": 10,
        "translation": [
          0.875,
          0.5555555820465088,
          0.4399999976158142
        ],
        "rotationEuler": [
          0.0,
          -0.0,
          0.0
        ],
        "scale": [
          0.08435720950365067,
          0.054815035313367844,
          0.09731795638799667
        ],
        "material": {
          "baseColor": {
            "type": "RGB",
            "value": [
              1.0,
              0.3110349178314209,
              0.438636839389801
            ]
          },
          "alpha": 0.5,
          "metallic": 0.699999988079071,
          "roughness": 0.0,
          "ior": 1.5
        }
      },
      {
        "id": 11,
        "translation": [
          0.0625,
          0.8888888955116272,
          0.6399999856948853
        ],
        "rotationEuler": [
          0.0,
          -0.0,
          0.0
        ],
        "scale": [
          0.11882777512073517,
          0.08973202854394913,
          0.08699412643909454
        ],
        "material": {
          "baseColor": {
            "type": "RGB",
            "value": [
              0.008963696658611298,
              1.0,
              0.08338131010532379
            ]
          },
          "alpha": 0.8999999761581421,
          "metallic": 0.800000011920929,
          "roughness": 0.30000001192092896,
          "ior": 1.5
        }
      },
      {
        "id": 12,
        "translation": [
          0.5625,
          0.03703703731298447,
          0.8399999737739563
        ],
        "rotationEuler": [
          0.0,
          -0.0,
          0.0
        ],
        "scale": [
          0.063636414706707,
          0.05706745758652687,
          0.06644736975431442
        ],
        "material": {
          "baseColor": {
            "type": "RGB",
            "value": [
              1.0,
              0.028717074543237686,
              0.1094772219657898
            ]
          },
          "alpha": 0.10000000149011612,
          "metallic": 0.8999999761581421,
          "roughness": 0.6000000238418579,
          "ior": 1.5
        }
      },
      {
        "id": 13,
        "translation": [
          0.3125,
          0.37037035822868347,
          0.07999999821186066
        ],
        "rotationEuler": [
          0.0,
          -0.0,
          0.0
        ],
        "scale": [
          0.17911694943904877,
          0.05172215402126312,
          0.15810827910900116
        ],
        "material": {
          "baseColor": {
            "type": "RGB",
            "value": [
              0.004854381550103426,
              0.1183856874704361,
              1.0
            ]
          },
          "alpha": 0.5,
          "metallic": 1.0,
          "roughness": 0.8999999761581421,