{
    "MESH": {
        "Sphere": {
            "1": {
                "location": {
                    "x": 0.5,
                    "y": 0.3333333432674408,
                    "z": 0.20000000298023224
                },
                "scale": {
                    "x": 0.1459140181541443,
                    "y": 0.053751613944768906,
                    "z": 0.09125439822673798
                },
                "material": {
                    "alpha": 1.0,
                    "metallic": 0.0,
                    "roughness": 0.5,
                    "ior": 1.5,
                    "albedo": {
                        "x": 1.0,
                        "y": 1.0,
                        "z": 1.0
                    },
                    "albedo_texture_ppm": ""
                }
            },
            "2": {
                "location": {
                    "x": 0.25,
                    "y": 0.6666666865348816,
                    "z": 0.4000000059604645
                },
                "scale": {
                    "x": 0.12580329179763794,
                    "y": 0.05398039519786835,
                    "z": 0.07982564717531204
                },
                "material": {
                    "alpha": 1.0,
                    "metallic": 0.0,
                    "roughness": 0.5,
                    "ior": 1.5,
                    "albedo": {
                        "x": 1.0,
                        "y": 1.0,
                        "z": 1.0
                    },
                    "albedo_texture_ppm": ""
                }
            },
            "3": {
                "location": {
                    "x": 0.75,
                    "y": 0.1111111119389534,
                    "z": 0.6000000238418579
                },
                "scale": {
                    "x": 0.10103757679462433,
                    "y": 0.07332192361354828,
                    "z": 0.1935819536447525
                },
                "material": {
                    "alpha": 1.0,
                    "metallic": 0.0,
                    "roughness": 0.5,
                    "ior": 1.5,
                    "albedo": {
                        "x": 1.0,
                        "y": 1.0,
                        "z": 1.0
                    },
                    "albedo_texture_ppm": ""
                }
            },
            "4": {
                "location": {
                    "x": 0.125,
                    "y": 0.4444444477558136,
                    "z": 0.800000011920929
                },
                "scale": {
                    "x": 0.19596736133098602,
                    "y": 0.10678015649318695,
                    "z": 0.13280609250068665
                },
                "material": {
                    "alpha": 1.0,
                    "metallic": 0.0,
                    "roughness": 0.5,
                    "ior": 1.5,
                    "albedo": {
                        "x": 1.0,
                        "y": 1.0,
                        "z": 1.0
                    },
                    "albedo_texture_ppm": ""
                }
            },
            "5": {
                "location": {
                    "x": 0.625,
                    "y": 0.7777777910232544,
                    "z": 0.03999999910593033
                },
                "scale": {
                    "x": 0.06196879595518112,
                    "y": 0.08491863310337067,
                    "z": 0.06515021622180939
                },
                "material": {
                    "alpha": 1.0,
                    "metallic": 0.0,
                    "roughness": 0.5,
                    "ior": 1.5,
                    "albedo": {
                        "x": 1.0,
                        "y": 1.0,
                        "z": 1.0
                    },
                    "albedo_texture_ppm": ""
                }
            },
            "6": {
                "location": {
                    "x": 0.375,
                    "y": 0.2222222238779068,
                    "z": 0.23999999463558197
                },
                "scale": {
                    "x": 0.14136965572834015,
                    "y": 0.07567079365253448,
                    "z": 0.15936902165412903
                },
                "material": {
                    "alpha": 1.0,
                    "metallic": 0.0,
                    "roughness": 0.5,
                    "ior": 1.5,
                    "albedo": {
                        "x": 1.0,
                        "y": 1.0,
                        "z": 1.0
                    },
                    "albedo_texture_ppm": ""
                }
            },
            "7": {
                "location": {
                    "x": 0.875,
                    "y": 0.5555555820465088,
                    "z": 0.4399999976158142
                },
                "scale": {
                    "x": 0.08435720950365067,
                    "y": 0.054815035313367844,
                    "z": 0.09731795638799667
                },
                "material": {
                    "alpha": 1.0,
                    "metallic": 0.0,
                    "roughness": 0.5,
                    "ior": 1.5,
                    "albedo": {
                        "x": 1.0,
                        "y": 1.0,
                        "z": 1.0
                    },
                    "albedo_texture_ppm": ""
                }
            },
            "8": {
                "location": {
                    "x": 0.0625,
                    "y": 0.8888888955116272,
                    "z": 0.6399999856948853
                },
                "scale": {
                    "x": 0.11882777512073517,
                    "y": 0.08973202854394913,
                    "z": 0.08699412643909454
                },
                "material": {
                    "alpha": 1.0,
                    "metallic": 0.0,
                    "roughness": 0.5,
                    "ior": 1.5,
                    "albedo": {
                        "x": 1.0,
                        "y": 1.0,
                        "z": 1.0
                    },
                    "albedo_texture_ppm": ""
                }
            },
            "9": {
                "location": {
                    "x": 0.5625,
                    "y": 0.03703703731298447,
                    "z": 0.8399999737739563
                },
                "scale": {
                    "x": 0.063636414706707,
                    "y": 0.05706745758652687,
                    "z": 0.06644736975431442
                },
                "material": {
                    "alpha": 1.0,
                    "metallic": 0.0,
                    "roughness": 0.5,
                    "ior": 1.5,
                    "albedo": {
                        "x": 1.0,
                        "y": 1.0,
                        "z": 1.0
                    },
                    "albedo_texture_ppm": ""
                }
            },
            "10": {
                "location": {
                    "x": 0.3125,
                    "y": 0.37037035822868347,
                    "z": 0.07999999821186066
                },
                "scale": {
                    "x": 0.17911694943904877,
                    "y": 0.05172215402126312,
                    "z": 0.15810827910900116
                },
                "material": {
                    "alpha": 1.0,
                    "metallic": 0.0,
                    "roughness": 0.5,
                    "ior": 1.5,
                    "albedo": {
                        "x": 1.0,
                        "y": 1.0,
                        "z": 1.0
                    },
                    "albedo_texture_ppm": ""
                }
            },
            "11": {
                "location": {
                    "x": 0.8125,
                    "y": 0.7037037014961243,
                    "z": 0.2800000011920929
                },