{
    "MESH": {
        "Cube": {
            "1": {
                "translation": {
                    "x": 1.0,
                    "y": 2.0,
                    "z": 3.0
                },
                "rotation": {
                    "roll": 0.17453289031982422,
                    "pitch": 0.34906575083732605,
                    "yaw": 0.5235987901687622
                },
                "scale": {
                    "x": 0.20000000298023224,
                    "y": 1.5000001192092896,
                    "z": 1.5
                }
            }
        },
        "Sphere": {
            "2": {
                "location": {
                    "x": 0.5,
                    "y": 3.0,
                    "z": 6.0
                },
                "scale": {
                    "x": 0.5,
                    "y": 0.75,
                    "z": 1.0
                }
            }
        },
        "Plane": {
            "3": {
                "corners": [
                    {
                        "x": 2.076308488845825,
                        "y": 3.3425137996673584,
                        "z": 3.938462734222412
                    },
                    {
                        "x": 2.234408140182495,
                        "y": 4.033526420593262,
                        "z": 4.643803596496582
                    },
                    {
                        "x": 1.9236915111541748,
                        "y": 2.6574862003326416,
                        "z": 6.061537265777588
                    },
                    {
                        "x": 1.7655919790267944,
                        "y": 1.9664734601974487,
                        "z": 5.356196403503418
                    }
                ]
            }
        },
        "Cylinder": {
            "4": {
                "translation": {
                    "x": 3.0,
                    "y": 3.0,
                    "z": 6.0
                },
                "rotation": {
                    "roll": 0.0,
                    "pitch": -0.0,
                    "yaw": 0.0
                },
                "scale": {
                    "x": 0.25,
                    "y": 0.5,
                    "z": 0.5
                }
            }
        }
    },
    "CAMERA": {
        "PERSP": {
            "5": {
                "location": {
                    "x": 5.0,
                    "y": 5.0,
                    "z": 7.0
                },
                "direction": {
                    "x": -0.727375814293274,
                    "y": -0.5422274536789123,
                    "z": -0.4206112376745057
                },
                "focal_length": 42.60273742675781,
                "sensor_width": 36.0,
                "sensor_height": 24.0,
                "film_resolution": {
                    "x": 480,
                    "y": 270
                }
            }
        }
    },
    "LIGHT": {
        "POINT": {
            "6": {
                "location": {
                    "x": 5.0,
                    "y": 5.0,
                    "z": 7.0
                },
                "radiant_intensity": 7.957747154594767
            }
        }
    }
}